weekday,total_casual,total_registered,total_cnt,count_hours,count_per_hour
0,140521,303506,444027,105,4228.828571428571
1,70784,384719,455503,105,4338.1238095238095
2,57843,411266,469109,104,4510.663461538462
3,57319,415729,473048,104,4548.538461538462
4,61460,423935,485395,104,4667.259615384615
5,78238,409552,487790,104,4690.288461538462
6,153852,323955,477807,105,4550.542857142857
