month,total_cnt,count_hours,season,count_per_hour
1,96744,31,1,3120.7741935483873
2,103137,29,1,3556.448275862069
3,164875,31,1,5318.548387096775
4,174224,30,2,5807.466666666666
5,195865,31,2,6318.225806451613
6,202830,30,2,6761.0
7,203607,31,3,6567.967741935484
8,214503,31,3,6919.451612903225
9,218573,30,3,7285.766666666666
10,198841,31,4,6414.225806451613
11,152664,30,4,5088.8
12,123713,31,4,3990.7419354838707
